id,text
1,"Basketball coaches are introducing advanced drills to improve skills."
2,"The latest blockbuster movie impressed audiences worldwide."
3,"AI algorithms are now being used to detect fraudulent transactions in real time."
4,"Meditation and breathing exercises are recommended for mental health improvement."
5,"Smart home devices now offer automated lighting and temperature control."
6,"Weight training enhances physical fitness and body composition."
7,"Music streaming platforms are releasing exclusive tracks for subscribers."
8,"Balanced diets are essential for proper nutrition in children and adults."
9,"Tennis tournaments are attracting larger audiences this season."
10,"Software solutions are being developed to enhance cybersecurity."
11,"Basketball teams are experimenting with new offensive plays."
12,"The new smartphone comes with a foldable display and improved battery life."
13,"AI-powered tools can generate reports and summaries automatically."
14,"Personal trainers recommend combining weightlifting with aerobic exercises for fitness."
15,"Film festivals are showcasing innovative movies from emerging directors."
16,"Fans celebrated as their favorite football team qualified for the finals."
17,"Nutritionists recommend reducing sugar intake for better diet management."
18,"Tennis academies are offering summer camps for aspiring athletes."
19,"Companies are developing AI models that can generate creative content."
20,"Meditation and mindfulness practices are effective for mental health management."
21,"Regular aerobic exercises contribute to both fitness and heart health."
22,"Smart home gadgets allow you to control lights and appliances remotely."
23,"Basketball tournaments are promoting youth participation in the sport."
24,"AI-powered chatbots are now able to provide customer support 24/7, improving efficiency."
25,"Top-ranked tennis players competed in a high-stakes final."
26,"Nutrition plans are personalized to meet individual dietary needs."
27,"The football team scored a last-minute goal to win the championship match."
28,"A diet rich in vitamins and minerals supports overall nutrition."
29,"Musical artists are collaborating to produce innovative new songs."
30,"Regular running and cycling routines improve cardiovascular fitness."
31,"Software developers are focusing on creating apps that integrate seamlessly with cloud services."
32,"Live concerts are attracting fans from different countries."
33,"Football coaches emphasize teamwork and strategy in training sessions."
34,"AI research is being applied to create predictive software for businesses."
35,"Mindfulness practices are effective for reducing stress and supporting mental health."
36,"Gadgets like drones are being used in innovative ways across industries."
37,"Streaming services are expanding their libraries with original content."
38,"A critical football match drew record viewership on television."
39,"Weightlifting routines help improve fitness and muscle strength."
40,"Film critics praised the storytelling and cinematography of the latest movie."
41,"Smart home gadgets can now integrate voice assistants for easier control."
42,"Basketball players are practicing daily to improve their shooting accuracy."
43,"Therapists are using digital platforms to provide mental health support."
44,"Companies are releasing AI tools to automate customer service workflows."
45,"Cardio workouts like running and cycling improve heart health and endurance."
46,"A new software update improved the security of the company's database."
47,"Football fans gathered to watch the highly anticipated match."
48,"Software engineers are implementing machine learning to detect anomalies in data."
49,"The tennis player won the tournament after a five-set match."
50,"Artists are collaborating to produce new music albums."
51,"AI-driven analytics are helping software companies optimize their products."
52,"Cognitive behavioral therapy is an effective tool for maintaining mental health."
53,"Gadgets with health-monitoring features are becoming mainstream."
54,"The season finale of a hit TV show kept viewers on edge."
55,"AI applications are helping doctors diagnose diseases faster."
56,"High-intensity interval training is gaining popularity for improving fitness quickly."
57,"The movieâ€™s visual effects received critical acclaim from reviewers."
58,"Basketball teams are scouting new talent for the upcoming season."
59,"Companies are developing AI models to analyze consumer behavior."
60,"Regular exercise, including strength training, is essential for maintaining fitness."
61,"Music festivals are attracting larger crowds each year."
62,"Nutritional supplements can help fill dietary gaps when needed."
63,"The football team surprised fans with a last-minute goal, securing their place in the finals."
64,"Streaming services are investing in original TV content to attract subscribers."
65,"Gadgets like smart speakers are becoming central to home automation."
66,"The director announced a sequel to the hit movie franchise."
67,"Therapy sessions are effective in addressing mental health concerns."
68,"AI-powered language translation tools are bridging communication gaps globally."
69,"Basketball leagues are introducing stricter rules to reduce injuries."
70,"Fitness enthusiasts are combining yoga and cardio to improve overall health."
71,"Smartphones now include AI-driven cameras that adjust automatically to lighting conditions."
72,"A thrilling football match ended with an unexpected victory."
73,"Software engineers are optimizing code to improve application performance."
74,"Meditation apps are increasingly popular for supporting mental health."
75,"The new Marvel movie broke box office records during its opening weekend."
76,"AI technology is being integrated into customer relationship management tools."
77,"Tennis clubs are offering summer training programs for young athletes."
78,"Balanced nutrition helps support a strong immune system and overall health."
79,"Regular yoga sessions improve both fitness and flexibility."
80,"The movie's soundtrack topped global music charts immediately after release."
81,"AI-powered recommendation engines suggest products based on user behavior."
82,"Basketball coaches are introducing advanced defensive strategies."
83,"Proper hydration and a balanced diet play a crucial role in overall nutrition."
84,"New wearable gadgets track daily activity and sleep patterns accurately."
85,"Football training sessions focus on both strategy and stamina."
86,"Software companies are emphasizing user-friendly interfaces in new applications."
87,"Tennis championship attracted players from around the world."
88,"Live concerts and music events are becoming increasingly immersive experiences."
89,"AI research focuses on natural language understanding and generation."
90,"Meditation and mindfulness techniques reduce anxiety and improve mental health."
91,"Smart home automation gadgets allow integration with mobile apps."
92,"Cardio routines like swimming and jogging improve overall fitness."
93,"Film festivals are recognizing independent movie productions."
94,"Football match tickets sold out within minutes of release."
95,"Music artists are experimenting with cross-genre collaborations."
96,"Gadgets with augmented reality features are gaining popularity."
97,"Software updates now include better encryption for sensitive data."
98,"Weight training combined with aerobic exercises enhances overall fitness."
99,"Basketball tournaments are introducing new formats to engage audiences."
100,"Streaming platforms are producing original TV series to attract viewers."